Episode,Avg_Reward,Avg_Length,Epsilon
100,-493.0596471597848,135.03,0.9985857142857143
200,-497.56463163551035,137.1,0.9971571428571429
300,-495.1069445192988,134.53,0.9957285714285714
400,-485.308414162154,141.48,0.9943
500,-480.82782182790345,140.46,0.9928714285714286
600,-491.8898671774873,133.61,0.9914428571428572
700,-486.5516396721248,139.3,0.9900142857142857
800,-480.1532459685381,141.1,0.9885857142857143
900,-484.1763994703435,139.35,0.9871571428571428
1000,-496.16465791535904,130.59,0.9857285714285714
1100,-477.18221222626426,143.26,0.9843
1200,-489.1082689410712,132.59,0.9828714285714286
1300,-490.09818263145377,133.47,0.9814428571428572
1400,-494.1573624017807,137.92,0.9800142857142857
1500,-498.4113772393728,131.09,0.9785857142857143
1600,-496.65473923279586,130.68,0.9771571428571428
1700,-495.5056620238172,133.88,0.9757285714285714
1800,-484.8254386751981,140.07,0.9742999999999999
1900,-483.53081247235264,145.42,0.9728714285714286
2000,-484.2044865833455,137.08,0.9714428571428572
2100,-476.83308377373083,137.63,0.9700142857142857
2200,-496.6292478664525,137.04,0.9685857142857143
2300,-482.7711388097583,145.09,0.9671571428571428
2400,-490.9656604095172,139.77,0.9657285714285714
2500,-480.951446763676,133.76,0.9643
2600,-480.73880908432807,143.72,0.9628714285714286
2700,-464.5112875092269,144.27,0.9614428571428572
2800,-480.87755546594644,147.56,0.9600142857142857
2900,-476.11987384502135,137.4,0.9585857142857143
3000,-485.10141906567907,138.46,0.9571571428571428
3100,-490.07177266352375,138.69,0.9557285714285715
3200,-477.79116862705564,138.39,0.9543
3300,-485.1746125708007,143.68,0.9528714285714286
3400,-480.34525168333545,139.06,0.9514428571428571
3500,-465.575156899933,155.16,0.9500142857142857
3600,-471.3482769483149,143.0,0.9485857142857143
3700,-475.13355239255986,142.42,0.9471571428571428
3800,-487.8689226550409,141.94,0.9457285714285715
3900,-476.71397163285053,141.32,0.9443
4000,-466.2379179137287,153.36,0.9428714285714286
4100,-482.2594544595415,136.44,0.9414428571428571
4200,-485.2066281512823,138.0,0.9400142857142857
4300,-493.6076028709329,137.84,0.9385857142857142
4400,-486.7322175477735,138.59,0.9371571428571428
4500,-479.4934029527028,139.95,0.9357285714285715
4600,-475.38859018090875,136.11,0.9343
4700,-480.1849607249842,141.81,0.9328714285714286
4800,-477.84962448547753,144.12,0.9314428571428571
4900,-472.92414996593106,141.43,0.9300142857142857
5000,-477.211609730082,142.46,0.9285857142857143
5100,-468.0948761487312,147.75,0.9271571428571429
5200,-465.52468543547263,144.29,0.9257285714285715
5300,-477.8016187470507,141.92,0.9243
5400,-482.8354109055584,146.34,0.9228714285714286
5500,-475.1367496799903,145.11,0.9214428571428571
5600,-483.2924338124991,142.97,0.9200142857142857
5700,-472.32794251017765,145.57,0.9185857142857143
5800,-469.121449913177,147.12,0.9171571428571429
5900,-479.9452425020761,140.32,0.9157285714285714
6000,-484.0076281547064,139.09,0.9143
6100,-489.7619635637439,140.1,0.9128714285714286
6200,-465.5651651589502,150.16,0.9114428571428571
6300,-485.02327111135384,145.57,0.9100142857142857
6400,-474.6969494966751,148.09,0.9085857142857143
6500,-468.13036997934597,147.32,0.9071571428571429
6600,-475.48111269233465,142.88,0.9057285714285714
6700,-466.58120142075904,151.8,0.9043
6800,-462.4843098124379,153.35,0.9028714285714285
6900,-482.23632662503616,149.72,0.9014428571428571
7000,-472.51676778985086,145.82,0.9000142857142857
7100,-470.03342866979654,145.34,0.8985857142857143
7200,-486.20650298765986,143.95,0.8971571428571429
7300,-475.0793292850179,139.63,0.8957285714285714
7400,-461.1974874904523,147.61,0.8943
7500,-465.2962265183414,150.38,0.8928714285714285
7600,-459.50875420041086,157.04,0.8914428571428572
7700,-470.7131924099223,146.34,0.8900142857142858
7800,-473.11831010750365,142.58,0.8885857142857143
7900,-467.9522188139488,157.8,0.8871571428571429
8000,-462.10134996589085,150.37,0.8857285714285714
8100,-466.40590332336996,150.85,0.8843
8200,-470.50738991483445,144.16,0.8828714285714285
8300,-463.6430104739356,137.09,0.8814428571428572
8400,-463.45350529268353,148.55,0.8800142857142857
8500,-488.15498402977755,139.7,0.8785857142857143
8600,-478.1198787337612,132.48,0.8771571428571429
8700,-469.16667716071066,139.05,0.8757285714285714
8800,-465.3128448343366,154.22,0.8743
8900,-474.6769371226193,143.68,0.8728714285714285
9000,-477.8951029129258,140.95,0.8714428571428572
9100,-461.886559367499,151.64,0.8700142857142857
9200,-471.3587112412996,145.75,0.8685857142857143
9300,-478.3606732838816,142.89,0.8671571428571428
9400,-464.78683696817825,141.22,0.8657285714285714
9500,-449.849684227583,152.6,0.8643000000000001
9600,-474.3834215628796,146.14,0.8628714285714285
9700,-467.76875845419914,144.71,0.8614428571428572
9800,-459.2717367770809,151.56,0.8600142857142857
9900,-468.3727804414827,146.24,0.8585857142857143
10000,-463.8408789062604,151.8,0.8571571428571428
10100,-461.77412026394563,151.05,0.8557285714285714
10200,-469.90947717395824,145.37,0.8543000000000001
10300,-462.0141539100825,152.17,0.8528714285714285
10400,-457.44154788299124,147.68,0.8514428571428572
10500,-476.39235663950467,147.71,0.8500142857142857
10600,-445.17232924828744,160.57,0.8485857142857143
10700,-474.6832571408928,139.82,0.8471571428571428
10800,-464.689841186952,157.44,0.8457285714285714
10900,-455.5403313794977,148.17,0.8443
11000,-454.4802950934232,153.12,0.8428714285714286
11100,-462.94113731373216,154.22,0.8414428571428572
11200,-477.616568120435,138.82,0.8400142857142857
11300,-459.24843442164206,154.31,0.8385857142857143
11400,-466.2231748630051,144.14,0.8371571428571428
11500,-463.5212264435875,152.77,0.8357285714285714
11600,-458.64316469960767,151.27,0.8343
11700,-453.24762712984244,150.36,0.8328714285714286
11800,-457.8400758993773,148.52,0.8314428571428572
11900,-458.2198674005914,156.62,0.8300142857142857
12000,-448.84649029020545,152.07,0.8285857142857143
12100,-467.8995060277875,147.59,0.8271571428571429
12200,-439.2891751638202,158.82,0.8257285714285714
12300,-452.2670389092837,163.06,0.8243
12400,-454.31069857505827,150.79,0.8228714285714286
12500,-468.71934936581215,149.5,0.8214428571428571
12600,-461.4725108067945,155.78,0.8200142857142857
12700,-452.9663136212086,150.64,0.8185857142857142
12800,-461.6966208231482,148.37,0.8171571428571429
12900,-436.52427845564205,163.2,0.8157285714285715
13000,-452.0556801094424,155.26,0.8143
13100,-472.88877758513235,145.67,0.8128714285714286
13200,-460.66340559571273,153.89,0.8114428571428571
13300,-464.2619884083531,151.49,0.8100142857142857
13400,-455.43887437983227,146.77,0.8085857142857142
13500,-454.52658887491043,149.88,0.8071571428571429
13600,-466.6773750131969,151.99,0.8057285714285715
13700,-461.64195590269753,155.37,0.8043
13800,-477.6832619573117,142.86,0.8028714285714286
13900,-468.51132475213495,148.45,0.8014428571428571
14000,-466.82721520083265,144.39,0.8000142857142857
14100,-447.6236251873789,158.11,0.7985857142857142
14200,-452.4394016241138,167.15,0.7971571428571429
14300,-459.21221742077944,155.31,0.7957285714285715
14400,-440.4187685814798,161.68,0.7943
14500,-464.4310541453208,149.08,0.7928714285714286
14600,-454.5365231149327,161.09,0.7914428571428571
14700,-446.125756082798,159.48,0.7900142857142858
14800,-450.6123624848298,153.22,0.7885857142857142
14900,-441.2423448750661,158.7,0.7871571428571429
15000,-430.372924581292,165.75,0.7857285714285714
15100,-444.95470513124155,155.48,0.7843
15200,-461.9837357716679,152.13,0.7828714285714286
15300,-452.5528376045388,161.48,0.7814428571428571
15400,-465.29515248472273,154.79,0.7800142857142858
15500,-437.31297112262837,160.76,0.7785857142857143
15600,-452.4672846147625,155.41,0.7771571428571429
15700,-452.3161005066711,150.92,0.7757285714285714
15800,-446.63111739594393,160.43,0.7743
15900,-447.81802813782065,165.5,0.7728714285714285
16000,-457.1653409862179,156.41,0.7714428571428571
16100,-456.15755985899324,153.28,0.7700142857142858
16200,-442.59712220223906,155.57,0.7685857142857143
16300,-437.3937794103923,160.32,0.7671571428571429
16400,-446.7110053610397,161.66,0.7657285714285714
16500,-459.07379934905805,160.22,0.7643
16600,-434.51283950070393,161.71,0.7628714285714285
16700,-453.8130478385981,160.31,0.7614428571428571
16800,-459.1587809193021,151.52,0.7600142857142858
16900,-447.80939434997936,159.83,0.7585857142857143
17000,-440.6135179196629,159.7,0.7571571428571429
17100,-436.24975527259505,156.66,0.7557285714285714
17200,-457.4663386569899,158.52,0.7543
17300,-450.0929181204574,157.59,0.7528714285714286
17400,-444.5037464169936,168.39,0.7514428571428571
17500,-440.78753662795754,167.32,0.7500142857142857
17600,-443.03950663800293,156.12,0.7485857142857143
17700,-437.81853813367036,168.59,0.7471571428571429
17800,-436.9786721030481,160.76,0.7457285714285714
17900,-437.2809682871137,153.84,0.7443
18000,-462.6888067556876,149.83,0.7428714285714286
18100,-436.96005756307073,171.89,0.7414428571428571
18200,-402.88994152624434,177.42,0.7400142857142857
18300,-431.2805838183876,169.42,0.7385857142857143
18400,-456.8591185759553,155.64,0.7371571428571428
18500,-433.1970079067841,164.1,0.7357285714285715
18600,-464.0598910318934,151.72,0.7343
18700,-444.80959152410423,160.61,0.7328714285714286
18800,-432.23045533066556,169.48,0.7314428571428571
18900,-426.23530024041776,168.76,0.7300142857142857
19000,-422.52709358352485,168.53,0.7285857142857143
19100,-430.9240527370992,180.74,0.7271571428571428
19200,-430.4050142259907,167.4,0.7257285714285715
19300,-440.6212358269326,164.21,0.7242999999999999
19400,-447.0530065783563,171.08,0.7228714285714286
19500,-456.6558461006447,155.52,0.7214428571428572
19600,-430.03406869918865,172.97,0.7200142857142857
19700,-440.6581060465245,162.48,0.7185857142857143
19800,-455.27882509135054,158.0,0.7171571428571428
19900,-431.49624985306,170.89,0.7157285714285715
20000,-449.35970626344164,163.51,0.7142999999999999
20100,-455.4970920710108,164.42,0.7128714285714286
20200,-456.14788828094703,158.15,0.7114428571428572
20300,-424.1485991030945,161.46,0.7100142857142857
20400,-441.39381075003183,161.05,0.7085857142857143
20500,-420.5299257131448,169.67,0.7071571428571428
20600,-442.295923399456,161.28,0.7057285714285715
20700,-395.68666162362985,181.04,0.7042999999999999
20800,-443.2577011911901,161.53,0.7028714285714286
20900,-422.3224719622984,169.39,0.7014428571428571
21000,-442.9630116810468,163.87,0.7000142857142857
21100,-412.13690926935817,179.44,0.6985857142857144
21200,-443.04270624124155,159.57,0.6971571428571428
21300,-449.3070345474813,166.45,0.6957285714285715
21400,-441.28407484161204,158.66,0.6942999999999999
21500,-422.8503534550996,174.0,0.6928714285714286
21600,-417.3590270611447,173.91,0.6914428571428571
21700,-424.43308640063566,165.74,0.6900142857142857
21800,-432.85424157749156,163.3,0.6885857142857144
21900,-424.12534318448945,166.82,0.6871571428571428
22000,-438.3842251063499,164.1,0.6857285714285715
22100,-411.32207357517734,169.51,0.6843
22200,-429.0439974468333,168.41,0.6828714285714286
22300,-418.94837896174,183.81,0.6814428571428571
22400,-428.1655056239945,160.39,0.6800142857142857
22500,-422.1128584810485,172.22,0.6785857142857143
22600,-427.34536902879523,176.73,0.6771571428571428
22700,-430.54907421325936,172.44,0.6757285714285715
22800,-432.28266007335066,174.32,0.6743
22900,-444.6813452270766,166.2,0.6728714285714286
23000,-419.6280142235147,182.81,0.6714428571428571
23100,-417.4770162058755,184.1,0.6700142857142857
23200,-429.52630926522374,167.12,0.6685857142857143
23300,-411.304930802352,180.22,0.6671571428571428
23400,-404.86043273411275,187.18,0.6657285714285714
23500,-427.68283236861794,172.37,0.6643
23600,-426.1319128953386,177.28,0.6628714285714286
23700,-446.20309285288704,160.46,0.6614428571428572
23800,-425.03733041233977,167.34,0.6600142857142857
23900,-423.20760428344477,173.04,0.6585857142857143
24000,-429.7366544864137,174.83,0.6571571428571429
24100,-407.21021332939415,194.42,0.6557285714285714
24200,-399.3736218630433,186.28,0.6543
24300,-427.38869564315814,175.47,0.6528714285714285
24400,-400.93328698505684,198.35,0.6514428571428572
24500,-414.7626539858863,185.16,0.6500142857142857
24600,-425.8965757322006,173.04,0.6485857142857143
24700,-428.3813719023277,165.37,0.6471571428571429
24800,-408.86221117261607,178.32,0.6457285714285714
24900,-398.90354941204293,185.18,0.6443
25000,-434.0984224999007,174.68,0.6428714285714285
25100,-395.53577380123147,194.03,0.6414428571428572
25200,-417.01645261850587,171.8,0.6400142857142856
25300,-424.4239403769724,176.72,0.6385857142857143
25400,-416.2736850955373,189.99,0.6371571428571429
25500,-413.4615303070721,179.96,0.6357285714285714
25600,-405.4292177051895,194.86,0.6343
25700,-412.20155575481675,184.2,0.6328714285714285
25800,-404.09502430270385,182.71,0.6314428571428572
25900,-398.03170031144697,197.23,0.6300142857142856
26000,-409.33940921339257,184.9,0.6285857142857143
26100,-431.9221345011941,171.07,0.6271571428571429
26200,-401.12808714246535,181.01,0.6257285714285714
26300,-385.856496723679,202.89,0.6243000000000001
26400,-413.58148159971245,186.69,0.6228714285714285
26500,-438.25790103552566,167.29,0.6214428571428572
26600,-400.5791689213552,193.48,0.6200142857142857
26700,-402.01094663148615,191.05,0.6185857142857143
26800,-418.58464869243375,172.03,0.6171571428571428
26900,-415.7903798918373,181.77,0.6157285714285714
27000,-390.1938371692511,191.12,0.6143000000000001
27100,-400.7814027514684,178.93,0.6128714285714285
27200,-425.99849169367104,176.98,0.6114428571428572
27300,-412.09342940636884,179.04,0.6100142857142857
27400,-420.5933653223895,173.98,0.6085857142857143
27500,-413.6941186482984,184.26,0.6071571428571428
27600,-392.8286000425363,194.1,0.6057285714285714
27700,-388.90312696762345,192.25,0.6043000000000001
27800,-405.8909684103484,184.3,0.6028714285714285
27900,-392.77841099747695,178.33,0.6014428571428572
28000,-376.6047289398397,199.22,0.6000142857142857
28100,-412.82133786733357,170.79,0.5985857142857143
28200,-447.4914863391717,151.17,0.5971571428571428
28300,-398.9244967379186,182.79,0.5957285714285714
28400,-406.10280376320907,186.31,0.5943
28500,-402.3157156744903,196.81,0.5928714285714285
28600,-389.76582832794367,199.49,0.5914428571428572
28700,-395.48672123624704,190.62,0.5900142857142857
28800,-400.57967813507986,186.56,0.5885857142857143
28900,-377.5794736715677,200.64,0.5871571428571429
29000,-406.56317490118266,185.84,0.5857285714285714
29100,-403.0411497738727,188.46,0.5843
29200,-392.16447097641816,184.21,0.5828714285714286
29300,-408.3027316273726,188.62,0.5814428571428572
29400,-397.30651470997395,187.63,0.5800142857142857
29500,-392.1775874917472,190.93,0.5785857142857143
29600,-398.10109566151294,184.53,0.5771571428571429
29700,-392.19363664744947,199.77,0.5757285714285714
29800,-385.6484080191554,200.88,0.5743
29900,-396.6204141099048,184.64,0.5728714285714286
30000,-410.2542433406172,179.46,0.5714428571428571
30100,-416.5035793395046,188.24,0.5700142857142857
30200,-369.1404809930599,209.49,0.5685857142857142
30300,-371.6134063585903,197.15,0.5671571428571429
30400,-330.4084251472002,216.71,0.5657285714285714
30500,-355.1963793163712,199.36,0.5643
30600,-381.35599699645405,206.79,0.5628714285714286
30700,-373.47208847397735,204.7,0.5614428571428571
30800,-416.06754892844015,163.94,0.5600142857142857
30900,-361.08585304786624,202.32,0.5585857142857142
31000,-391.0847863481644,193.19,0.5571571428571429
31100,-358.83087981555576,214.92,0.5557285714285713
31200,-372.63067513457884,207.04,0.5543
31300,-366.69949937067656,205.71,0.5528714285714286
31400,-349.9808063921122,224.21,0.5514428571428571
31500,-369.08545347626233,221.97,0.5500142857142858
31600,-351.85433230791745,211.94,0.5485857142857142
31700,-377.40980914554825,212.02,0.5471571428571429
31800,-376.8290007544544,206.62,0.5457285714285715
31900,-402.8073342701344,207.8,0.5443
32000,-404.1432043272544,184.5,0.5428714285714286
32100,-377.4101414916529,218.91,0.5414428571428571
32200,-373.66948827225156,207.28,0.5400142857142858
32300,-366.5067859034792,216.24,0.5385857142857142
32400,-412.90842365937567,174.03,0.5371571428571429
32500,-360.94970150433716,200.7,0.5357285714285714
32600,-327.64357746907075,219.79,0.5343
32700,-385.9406301987356,198.55,0.5328714285714286
32800,-354.78296079828505,207.4,0.5314428571428571
32900,-329.81286305996656,212.44,0.5300142857142858
33000,-370.8121771267886,204.49,0.5285857142857142
33100,-345.2854979875153,208.83,0.5271571428571429
33200,-377.49906717792635,192.25,0.5257285714285714
33300,-358.5291133111183,211.22,0.5243
33400,-327.4332321852496,234.56,0.5228714285714287
33500,-361.5446227470952,218.15,0.5214428571428571
33600,-412.84175080152227,193.72,0.5200142857142858
33700,-364.60690377666396,229.43,0.5185857142857142
33800,-344.72759557627893,215.67,0.5171571428571429
33900,-329.50605361002454,233.51,0.5157285714285714
34000,-355.7087700314493,197.88,0.5143
34100,-380.91177436363427,195.68,0.5128714285714286
34200,-346.2532493788713,209.6,0.5114428571428571
34300,-352.7511401651521,205.97,0.5100142857142858
34400,-365.9533068976231,216.22,0.5085857142857143
34500,-392.5600407869729,193.07,0.5071571428571429
34600,-364.1289019980158,217.66,0.5057285714285714
34700,-331.95165250308105,212.98,0.5043
34800,-337.96735910485177,233.21,0.5028714285714286
34900,-323.22504861592387,248.61,0.5014428571428571
35000,-328.09663102518954,227.69,0.5000142857142857
35100,-331.294958235743,223.4,0.4985857142857143
35200,-376.692037181868,203.76,0.49715714285714285
35300,-380.65477347418596,201.06,0.4957285714285714
35400,-302.59790203664664,249.42,0.49429999999999996
35500,-290.6613881941788,229.03,0.4928714285714285
35600,-325.6572654907089,232.04,0.4914428571428572
35700,-310.63201253336246,235.96,0.49001428571428574
35800,-395.30110651944284,181.55,0.4885857142857143
35900,-392.1077748731355,205.34,0.48715714285714284
36000,-322.8520704435587,235.79,0.4857285714285714
36100,-336.120952572069,233.14,0.48429999999999995
36200,-294.56561085856583,229.46,0.4828714285714286
36300,-394.58687813442396,197.74,0.4814428571428572
36400,-377.4265098496097,197.42,0.4800142857142857
36500,-362.193431123496,202.39,0.4785857142857143
36600,-370.91203709652297,216.69,0.47715714285714284
36700,-357.24105784356493,206.97,0.4757285714285714
36800,-340.6626390455541,225.45,0.47430000000000005
36900,-359.243181904621,221.49,0.4728714285714286
37000,-307.91048097671245,232.63,0.47144285714285716
37100,-326.06033205977144,222.99,0.4700142857142857
37200,-318.0527674425979,240.17,0.46858571428571427
37300,-316.28973668543154,247.97,0.4671571428571428
37400,-345.90987412949687,234.29,0.4657285714285714
37500,-313.88409504256424,230.08,0.46430000000000005
37600,-347.32462400900454,204.63,0.4628714285714286
37700,-337.3752916615023,225.98,0.46144285714285715
37800,-381.62626096487503,211.41,0.4600142857142857
37900,-338.5664603447209,219.8,0.45858571428571426
38000,-333.1897348841632,232.08,0.4571571428571428
38100,-292.39369424574056,240.57,0.4557285714285715
38200,-255.34089376264308,243.12,0.45430000000000004
38300,-349.79769645046804,232.53,0.4528714285714286
38400,-308.89397862139106,241.51,0.45144285714285715
38500,-324.4299101916729,241.55,0.4500142857142857
38600,-284.10654047686637,251.25,0.44858571428571425
38700,-330.97224599638577,223.68,0.4471571428571428
38800,-241.13204423595417,262.42,0.4457285714285715
38900,-275.69017651078246,236.71,0.44430000000000003
39000,-325.7093989291427,223.93,0.4428714285714286
39100,-305.25542758151965,254.37,0.44144285714285714
39200,-310.35838269851524,247.37,0.4400142857142857
39300,-330.7741214998761,223.81,0.43858571428571425
39400,-323.09893254587996,216.32,0.4371571428571429
39500,-343.2217524148425,209.18,0.43572857142857147
39600,-308.5077038861506,246.25,0.4343
39700,-315.217901087838,236.54,0.4328714285714286
39800,-299.4499776246189,250.1,0.43144285714285713
39900,-255.37717496198968,259.3,0.4300142857142857
40000,-345.63732419784935,226.17,0.42858571428571424
40100,-302.2902976531036,238.45,0.4271571428571429
40200,-282.09971626521974,239.3,0.42572857142857146
40300,-241.23964678165575,260.62,0.4243
40400,-279.3865969787333,250.5,0.42287142857142856
40500,-292.5039450061146,248.96,0.4214428571428571
40600,-275.2333937735509,253.95,0.4200142857142857
40700,-326.24762031725993,246.23,0.41858571428571434
40800,-215.6992063910511,281.52,0.4171571428571429
40900,-293.5105203199478,234.63,0.41572857142857145
41000,-278.6963162723004,221.19,0.4143
41100,-266.6506361801167,237.82,0.41287142857142856
41200,-254.04854915600353,251.65,0.4114428571428571
41300,-252.65769825452477,258.81,0.41001428571428566
41400,-277.93336801373493,234.53,0.40858571428571433
41500,-279.28500449279704,248.86,0.4071571428571429
41600,-275.5796733145256,240.08,0.40572857142857144
41700,-251.84151964728767,257.28,0.4043
41800,-268.1246114986471,255.89,0.40287142857142855
41900,-281.4786862975672,264.16,0.4014428571428571
42000,-274.8715446897427,255.53,0.40001428571428577
42100,-221.1753312359174,284.1,0.3985857142857143
42200,-292.98234501710635,239.2,0.3971571428571429
42300,-259.0250741486633,260.3,0.39572857142857143
42400,-294.5372498124949,251.86,0.3943
42500,-276.3550413535475,245.24,0.39287142857142854
42600,-273.3294037556267,252.89,0.3914428571428571
42700,-299.9740641771748,242.96,0.39001428571428576
42800,-319.44807995419615,237.54,0.3885857142857143
42900,-246.8261396641019,257.22,0.38715714285714287
43000,-231.06138899698934,260.09,0.3857285714285714
43100,-306.5477779202192,240.53,0.3843
43200,-297.7568827671893,261.53,0.38287142857142853
43300,-260.55375188347193,247.56,0.3814428571428572
43400,-228.09784383761829,283.43,0.38001428571428575
43500,-263.79415059288283,266.24,0.3785857142857143
43600,-259.2290790693201,280.47,0.37715714285714286
43700,-232.53555619529362,280.8,0.3757285714285714
43800,-285.5216171140748,252.65,0.37429999999999997
43900,-286.6707093532664,247.4,0.3728714285714285
44000,-220.68914756386505,283.31,0.3714428571428572
44100,-242.69240534273035,287.15,0.37001428571428574
44200,-201.3264840986464,300.78,0.3685857142857143
44300,-313.71265965203105,226.47,0.36715714285714285
44400,-239.615064587903,272.98,0.3657285714285714
44500,-266.5817149850425,250.91,0.36429999999999996
44600,-265.6315831434497,257.77,0.3628714285714286
44700,-249.2464828575641,267.66,0.3614428571428572
44800,-218.1997536322122,285.44,0.36001428571428573
44900,-210.03028029096058,290.54,0.3585857142857143
45000,-224.01106430135889,261.74,0.35715714285714284
45100,-186.25769988881373,266.35,0.3557285714285714
45200,-233.09006930567833,277.31,0.35429999999999995
45300,-209.55837501073773,280.01,0.3528714285714286
45400,-134.47150544623364,313.77,0.35144285714285717
45500,-220.943715774828,289.98,0.3500142857142857
45600,-205.09896247999214,275.58,0.3485857142857143
45700,-188.99520520288945,288.29,0.34715714285714283
45800,-254.69996901745057,269.88,0.3457285714285714
45900,-105.06466448570187,322.76,0.34430000000000005
46000,-203.42290443260248,284.56,0.3428714285714286
46100,-214.16434996109766,288.1,0.34144285714285716
46200,-206.64474772862573,307.94,0.3400142857142857
46300,-252.98753492615876,258.17,0.33858571428571427
46400,-167.9923922514496,306.67,0.3371571428571428
46500,-204.37220444887217,289.47,0.3357285714285714
46600,-219.2962332228536,264.79,0.33430000000000004
46700,-159.04543252984504,296.38,0.3328714285714286
46800,-128.10211054755834,316.22,0.33144285714285715
46900,-187.29707507397706,283.78,0.3300142857142857
47000,-213.35548792580926,269.94,0.32858571428571426
47100,-116.49248827227126,300.29,0.3271571428571428
47200,-173.47023546893834,287.44,0.3257285714285715
47300,-45.09746223146186,333.41,0.32430000000000003
47400,-157.17131963121963,344.58,0.3228714285714286
47500,-148.3984837997749,285.83,0.32144285714285714
47600,-143.5807381862087,317.41,0.3200142857142857
47700,-101.40322191171299,341.34,0.31858571428571425
47800,-147.13805675586758,296.56,0.3171571428571428
47900,-248.49045767215202,269.67,0.31572857142857147
48000,-178.34751392567586,292.46,0.3143
48100,-124.27892391294583,319.6,0.3128714285714286
48200,-47.125348938991195,360.24,0.31144285714285713
48300,-103.65409754322815,309.49,0.3100142857142857
48400,-134.13300369349452,307.72,0.30858571428571424
48500,-79.87552941603629,321.99,0.3071571428571429
48600,-190.05392191828642,290.23,0.30572857142857146
48700,-128.245612644894,338.79,0.3043
48800,-165.38092687894223,299.41,0.30287142857142857
48900,-214.40148316813128,272.25,0.3014428571428571
49000,-192.08657645336237,302.25,0.3000142857142857
49100,-121.84979705530402,312.19,0.29858571428571423
49200,-65.0973063629404,375.53,0.2971571428571429
49300,-236.8995724166478,258.16,0.29572857142857145
49400,-180.06672068659842,263.1,0.2943
49500,-115.41699931226765,322.67,0.29287142857142856
49600,-119.93498785538284,320.41,0.2914428571428571
49700,-47.646435434862326,350.4,0.29001428571428567
49800,-77.01291306488504,301.7,0.28858571428571433
49900,-111.0396217644213,302.0,0.2871571428571429
50000,-18.752263750350064,357.72,0.28572857142857144
50100,-68.47898653332481,328.49,0.2843
50200,-15.711827825101771,363.84,0.28287142857142855
50300,-19.768050802482698,353.09,0.2814428571428571
50400,-57.16041860973517,334.78,0.28001428571428566
50500,-190.84948838106135,264.74,0.2785857142857143
50600,-81.99738479524557,334.76,0.2771571428571429
50700,-137.7286465477298,317.28,0.27572857142857143
50800,-93.35857455661005,350.36,0.2743
50900,-94.23370783444892,347.27,0.27287142857142854
51000,-128.45801305969056,364.52,0.2714428571428571
51100,-93.04456209898294,368.69,0.27001428571428576
51200,-106.87555552762937,360.11,0.2685857142857143
51300,-118.79546885913084,334.55,0.26715714285714287
51400,-129.24609242115633,310.95,0.2657285714285714
51500,-38.65647059152682,376.59,0.2643
51600,-128.70513924827586,305.2,0.26287142857142853
51700,-12.683253298226026,383.16,0.2614428571428571
51800,-64.39272088318268,381.54,0.26001428571428575
51900,-110.10587634830055,314.01,0.2585857142857143
52000,-109.9401538221946,319.38,0.25715714285714286
52100,24.73514502484803,406.87,0.2557285714285714
52200,-130.2564953416918,331.86,0.25429999999999997
52300,-83.85194561054837,313.39,0.2528714285714285
52400,13.875033354969087,378.06,0.2514428571428572
52500,-48.718073509473285,337.47,0.25001428571428574
52600,-214.81015742966335,287.36,0.2485857142857143
52700,-144.98534782674668,332.61,0.24715714285714285
52800,-69.34646899612447,325.91,0.2457285714285714
52900,-49.65962816060499,363.88,0.24429999999999996
53000,-60.072809696001876,331.25,0.24287142857142852
53100,-102.64752984720383,323.29,0.24144285714285718
53200,15.296691909409194,393.42,0.24001428571428574
53300,-96.52339158314214,325.36,0.2385857142857143
53400,-16.402257407484544,368.26,0.23715714285714284
53500,23.18015901522459,381.4,0.2357285714285714
53600,-33.028287708356686,378.65,0.23429999999999995
53700,0.3388880233889961,372.4,0.23287142857142862
53800,39.73061313348942,376.77,0.23144285714285717
53900,48.13319100064369,409.96,0.23001428571428573
54000,11.220029007438198,438.04,0.22858571428571428
54100,44.98874282057267,436.43,0.22715714285714284
54200,-36.46842179677622,337.41,0.2257285714285714
54300,-131.3252893756597,306.26,0.22430000000000005
54400,-48.967748382534964,378.84,0.2228714285714286
54500,-18.023860866776744,356.05,0.22144285714285716
54600,43.29089359394337,371.5,0.22001428571428572
54700,63.85514010731779,368.03,0.21858571428571427
54800,8.260632336099167,405.21,0.21715714285714283
54900,39.83757325360083,419.58,0.21572857142857138
55000,-32.80545534958668,386.03,0.21430000000000005
55100,-27.487085323608827,373.95,0.2128714285714286
55200,-86.7003400731055,340.39,0.21144285714285715
55300,101.88666447002782,415.62,0.2100142857142857
55400,-125.60589294381347,317.65,0.20858571428571426
55500,7.064567649868643,396.11,0.20715714285714282
55600,-4.761677191467523,361.86,0.20572857142857148
55700,-11.651231188784843,370.58,0.20430000000000004
55800,29.530649119448952,425.88,0.2028714285714286
55900,-149.22532772361726,304.45,0.20144285714285715
56000,105.88536632371316,423.8,0.2000142857142857
56100,-4.620168303825681,366.02,0.19858571428571425
56200,-12.671577345367169,427.79,0.1971571428571428
56300,-74.6372745107048,322.47,0.19572857142857147
56400,35.929215269806825,390.44,0.19430000000000003
56500,115.57673518828531,394.22,0.19287142857142858
56600,56.69618205670667,443.04,0.19144285714285714
56700,97.37141550116198,437.24,0.1900142857142857
56800,80.14238380914547,484.48,0.18858571428571425
56900,40.66745363702597,411.59,0.1871571428571429
57000,37.675448593484525,354.38,0.18572857142857147
57100,37.724199366603536,361.06,0.18430000000000002
57200,112.73880713720023,457.43,0.18287142857142857
57300,103.67891149770716,381.91,0.18144285714285713
57400,-6.038657428261788,343.42,0.18001428571428568
57500,134.66477358589833,462.27,0.17858571428571424
57600,384.3900387291401,671.09,0.1771571428571429
57700,101.99648110187414,413.46,0.17572857142857146
57800,154.32252217921513,461.02,0.1743
57900,193.05015549871092,489.99,0.17287142857142856
58000,269.4342172056379,595.38,0.17144285714285712
58100,30.724353067278475,464.89,0.17001428571428567
58200,118.09901338403733,514.29,0.16858571428571434
58300,113.32619910591973,431.13,0.1671571428571429
58400,58.01093541655002,420.6,0.16572857142857145
58500,43.79007919682246,386.63,0.1643
58600,167.4313491102614,518.88,0.16287142857142856
58700,225.98255237451795,593.42,0.1614428571428571
58800,159.89227339832772,503.66,0.16001428571428566
58900,160.02712712075984,495.03,0.15858571428571433
59000,-29.572422101231037,356.68,0.15715714285714288
59100,50.24980955951335,403.39,0.15572857142857144
59200,18.85958526517088,356.08,0.1543
59300,56.34326512695227,408.8,0.15287142857142855
59400,-32.63141174064522,363.0,0.1514428571428571
59500,244.90599264692293,575.9,0.15001428571428577
59600,277.7828132722024,561.33,0.14858571428571432
59700,298.67745148945113,597.97,0.14715714285714288
59800,109.6758160781167,403.85,0.14572857142857143
59900,1.2787477603619937,356.05,0.14429999999999998
60000,-34.407818867398085,364.9,0.14287142857142854
60100,274.65487092319916,611.72,0.1414428571428571
60200,253.56995530108088,510.42,0.14001428571428576
60300,246.7192300835082,527.37,0.1385857142857143
60400,221.1148809250828,458.13,0.13715714285714287
60500,180.94192845482135,473.01,0.13572857142857142
60600,231.0671835420158,522.17,0.13429999999999997
60700,77.17356724046442,438.02,0.13287142857142853
60800,151.0681834826272,422.77,0.1314428571428572
60900,63.38545125358151,393.41,0.13001428571428575
61000,231.82329178641012,509.72,0.1285857142857143
61100,133.41041391939368,453.52,0.12715714285714286
61200,134.38318918369575,453.44,0.1257285714285714
61300,80.8685613540378,367.81,0.12429999999999997
61400,288.67641313483017,537.05,0.12287142857142852
61500,225.96526843923303,560.22,0.12144285714285719
61600,155.37412009662646,435.2,0.12001428571428574
61700,270.0878679856821,530.64,0.1185857142857143
61800,110.69867459430895,393.17,0.11715714285714285
61900,247.0650308112754,530.57,0.1157285714285714
62000,182.59746575652426,464.89,0.11429999999999996
62100,282.3269708938998,600.14,0.11287142857142862
62200,664.52425589423,985.84,0.11144285714285718
62300,700.9876046177751,946.26,0.11001428571428573
62400,393.62958362266824,567.18,0.10858571428571429
62500,194.09342140778514,520.99,0.10715714285714284
62600,132.5297237027956,501.7,0.1057285714285714
62700,143.61915468135132,461.1,0.10429999999999995
62800,119.15005213287503,402.33,0.10287142857142861
62900,254.4153118507755,479.48,0.10144285714285717
63000,184.64330989882166,430.3,0.10001428571428572
63100,153.29331856213923,387.47,0.09858571428571428
63200,100.47463084977502,423.41,0.09715714285714283
63300,167.5011691731211,451.54,0.09572857142857139
63400,220.0513417872876,498.34,0.09430000000000005
63500,344.32389192633383,594.41,0.0928714285714286
63600,274.5328841628073,508.09,0.09144285714285716
63700,440.08019175175536,626.45,0.09001428571428571
63800,263.12080385248834,471.88,0.08858571428571427
63900,377.21695187408716,559.38,0.08715714285714282
64000,389.74568816536566,596.77,0.08572857142857138
64100,248.9896940397714,519.04,0.08430000000000004
64200,181.3743923165943,414.54,0.0828714285714286
64300,333.9696356351267,538.45,0.08144285714285715
64400,233.37793059143794,486.21,0.0800142857142857
64500,430.27838963679875,661.85,0.07858571428571426
64600,351.1104960163325,572.62,0.07715714285714281
64700,534.9566926016838,788.33,0.07572857142857148
64800,553.5541450089585,736.47,0.07430000000000003
64900,165.67118035668335,415.79,0.07287142857142859
65000,204.16938259863701,457.81,0.07144285714285714
65100,204.48375144187824,435.28,0.0700142857142857
65200,325.17779113382954,513.75,0.06858571428571425
65300,370.86949224899513,512.23,0.0671571428571428
65400,197.30981511981747,510.84,0.06572857142857147
65500,262.9205352134323,458.01,0.06430000000000002
65600,224.13254627041368,413.48,0.06287142857142858
65700,149.82100451269983,406.11,0.06144285714285713
65800,131.68546792908458,450.7,0.06001428571428569
65900,339.6350429395755,616.43,0.05858571428571424
66000,354.746967898715,590.75,0.057157142857142906
66100,340.9509024139529,620.31,0.05572857142857146
66200,358.90779491898456,537.44,0.054300000000000015
66300,244.6766630922343,451.18,0.05287142857142857
66400,168.71480164736212,491.43,0.051442857142857124
66500,319.12905489884093,446.38,0.05001428571428568
66600,319.6009227792231,606.41,0.04858571428571423
66700,483.51537776463704,741.72,0.0471571428571429
66800,361.5558815582659,565.86,0.04572857142857145
66900,505.3182343863586,736.35,0.044300000000000006
67000,519.1360281355961,693.61,0.04287142857142856
67100,358.87102420075075,508.32,0.041442857142857115
67200,370.0358432529834,549.36,0.04001428571428567
67300,335.98850309461,582.52,0.038585714285714334
67400,241.9378739207326,476.7,0.03715714285714289
67500,360.4902662587457,558.02,0.03572857142857144
67600,396.5250962499935,618.58,0.0343
67700,779.0496818667161,948.32,0.03287142857142855
67800,449.983407459315,572.36,0.031442857142857106
67900,562.2910237281587,666.51,0.03001428571428566
68000,809.90215319689,1048.47,0.028585714285714325
68100,726.2208912427201,909.16,0.02715714285714288
68200,1098.0148539276715,1251.89,0.025728571428571434
68300,1404.8672360069168,1664.41,0.02429999999999999
68400,686.5424299199285,905.14,0.022871428571428543
68500,393.74606143621867,608.09,0.021442857142857097
68600,485.3225211300315,580.17,0.020014285714285762
68700,384.8630642914546,558.2,0.018585714285714316
68800,417.7617849873781,560.36,0.01715714285714287
68900,437.92655087656175,521.0,0.015728571428571425
69000,273.8904117373772,432.21,0.01429999999999998
69100,630.3011811845179,753.53,0.012871428571428534
69200,908.4241608566549,1087.57,0.011442857142857088
69300,744.0300588969516,901.25,0.010014285714285753
69400,798.840727475447,988.32,0.01
69500,486.51160784842716,696.03,0.01
69600,488.4868040745535,611.35,0.01
69700,418.30067724544534,641.82,0.01
69800,663.4002363254704,853.09,0.01
69900,1049.8413750374464,1167.17,0.01
70000,773.7282660806791,881.93,0.01
70100,582.104396908134,709.16,0.01
70200,449.39264373338415,545.3,0.01
70300,649.4996748260597,761.98,0.01
70400,504.2049790952509,690.01,0.01
70500,1006.4994721753229,1120.18,0.01
70600,710.759836998161,811.7,0.01
70700,1126.5160538719267,1257.1,0.01
70800,1649.338667733135,1786.46,0.01
70900,774.3644105335756,895.47,0.01
71000,963.2404160029399,1164.19,0.01
71100,636.0399661113727,826.33,0.01
71200,1004.8203478942279,1192.28,0.01
71300,782.6164777095358,985.57,0.01
71400,1654.697844858478,1810.2,0.01
71500,1556.353493491747,1711.23,0.01
71600,2479.5970067694534,2587.07,0.01
71700,1000.7994067301369,1217.98,0.01
71800,1261.5491935910218,1478.79,0.01
71900,923.9941685466982,1112.14,0.01
72000,1512.3752211354504,1711.65,0.01
72100,699.3135204498554,812.26,0.01
72200,494.2400318079733,677.69,0.01
72300,842.3650291205687,961.12,0.01
72400,844.1702156302465,995.78,0.01
72500,889.1918976466275,1047.35,0.01
72600,1723.0944284067582,1943.48,0.01
72700,947.2503057556198,1103.01,0.01
72800,880.736553351552,1028.56,0.01
72900,832.7681417221569,966.44,0.01
73000,394.21368473513473,552.37,0.01
73100,525.6275971643709,650.52,0.01
73200,348.3551019831237,434.68,0.01
73300,409.2618220536481,501.44,0.01
73400,118.77896933766021,422.57,0.01
73500,303.256202039865,497.07,0.01
73600,474.3969213093231,636.33,0.01
73700,640.7530722563256,801.67,0.01
73800,652.6704984052645,798.8,0.01
73900,1048.3457346218563,1277.55,0.01
74000,643.9334903036442,912.26,0.01
74100,998.1284623013031,1116.45,0.01
74200,831.5413259866752,1027.92,0.01
74300,392.30525331165876,578.49,0.01
74400,1209.3578607960353,1507.06,0.01
74500,852.5991415563535,1029.49,0.01
74600,662.7655970926598,818.5,0.01
74700,545.2379460408131,671.91,0.01
74800,1086.3400467569463,1221.83,0.01
74900,604.7421246407536,768.38,0.01
75000,574.5746473705344,775.71,0.01
75100,731.766978743958,962.01,0.01
75200,609.9403592183198,829.02,0.01
75300,776.194694814755,936.24,0.01
75400,1324.8545375627507,1478.12,0.01
75500,530.5507267345107,634.21,0.01
75600,578.2120445784849,712.18,0.01
75700,692.6330491137518,795.38,0.01
75800,1052.9442370233787,1187.35,0.01
75900,514.8977602078005,743.3,0.01
76000,835.6328745537372,943.8,0.01
76100,1146.5910761155696,1267.06,0.01
76200,932.2819790161687,1065.03,0.01
76300,921.827277004359,1058.22,0.01
76400,1028.770594067084,1176.3,0.01
76500,1308.2934143478528,1450.45,0.01
76600,1001.0586145482712,1118.63,0.01
76700,689.5963050295182,936.67,0.01
76800,675.5065746190492,756.2,0.01
76900,1343.829089135991,1463.13,0.01
77000,855.4518114993523,1018.15,0.01
77100,1064.3430910802128,1143.82,0.01
77200,1485.7619352822578,1629.07,0.01
77300,1798.1521162892197,2004.22,0.01
77400,1344.5504330802685,1458.6,0.01
77500,857.2130139732174,1006.62,0.01
77600,1167.8587653952331,1240.88,0.01
77700,572.2878743549878,668.78,0.01
77800,549.3208845900579,721.72,0.01
77900,513.6485507222582,672.33,0.01
78000,578.3748581548406,699.96,0.01
78100,562.6986810962248,836.35,0.01
78200,646.4970485935065,767.06,0.01
78300,838.1432049797347,1049.42,0.01
78400,747.4387280953981,898.36,0.01
78500,1091.5063795957444,1240.15,0.01
78600,1637.3018454059138,1758.72,0.01
78700,872.9111992452835,999.74,0.01
78800,544.6609202347779,694.67,0.01
78900,629.5987447134489,801.85,0.01
79000,1347.8748381769121,1500.24,0.01
79100,557.6797370136637,727.48,0.01
79200,447.6930729941991,579.12,0.01
79300,891.6481866961652,1049.1,0.01
79400,1000.1364048157282,1184.5,0.01
79500,546.7176925881197,679.42,0.01
79600,1161.5293183263334,1330.21,0.01
79700,1020.9579401573767,1166.78,0.01
79800,695.2644502046074,942.23,0.01
79900,929.9458770917106,1064.09,0.01
80000,386.32078716031157,469.02,0.01
80100,474.6106897546448,546.72,0.01
80200,579.8877527013951,636.23,0.01
80300,482.65970883552626,612.08,0.01
80400,427.63026614664784,675.99,0.01
80500,391.6864789274347,566.36,0.01
80600,451.6951403752421,592.94,0.01
80700,320.22626502003845,513.66,0.01
80800,298.02415687779387,488.81,0.01
80900,335.062033662287,437.59,0.01
81000,1505.1260720308858,1654.47,0.01
81100,683.3447598110599,783.51,0.01
81200,875.4761806259244,947.49,0.01
81300,928.3138940132799,1087.94,0.01
81400,683.2836995420188,832.87,0.01
81500,504.13167707472536,639.0,0.01
81600,349.66600003010603,424.25,0.01
81700,380.8025393899034,490.78,0.01
81800,525.3306168589007,683.83,0.01
81900,524.5725144250413,577.92,0.01
82000,377.28311829306244,477.14,0.01
82100,655.3879278437175,759.19,0.01
82200,627.5957862583588,833.69,0.01
82300,579.2191124667188,777.89,0.01
82400,862.5910335330767,1042.18,0.01
82500,974.885438489306,1109.03,0.01
82600,555.267196250949,734.57,0.01
82700,973.6439073573445,1073.28,0.01
82800,1138.996409787593,1353.18,0.01
82900,1053.1247652239485,1145.18,0.01
83000,648.1932629544752,821.41,0.01
83100,664.0510034240816,850.42,0.01
83200,754.4171816913301,825.62,0.01
83300,592.2865467748402,672.97,0.01
83400,650.4477875317234,729.15,0.01
83500,366.6611492761556,476.35,0.01
83600,791.1268874605095,896.94,0.01
83700,698.5850613047513,870.21,0.01
83800,564.8866851639547,688.46,0.01
83900,824.6714133794952,922.48,0.01
84000,477.08068237026527,582.47,0.01
84100,786.2544390040546,852.99,0.01
84200,390.2890436405552,471.98,0.01
84300,487.82837139967603,604.49,0.01
84400,574.5553453523468,692.69,0.01
84500,541.1698491680149,639.31,0.01
84600,473.6728294446015,601.37,0.01
84700,409.4136140949707,531.53,0.01
84800,470.9522429195724,620.48,0.01
84900,421.74110943539984,645.32,0.01
85000,828.0334677960548,1001.07,0.01
85100,461.78854844629296,662.48,0.01
85200,582.04134666161,821.67,0.01
85300,722.4546992517835,849.6,0.01
85400,376.4885132686514,563.4,0.01
85500,854.0114721500149,1077.32,0.01
85600,1812.5791519720774,1947.98,0.01
85700,1725.3966806334047,1918.85,0.01
85800,709.9056940997641,900.59,0.01
85900,573.2785109106305,747.18,0.01
86000,284.1004129154386,557.95,0.01
86100,617.7239587739182,808.51,0.01
86200,911.9730422401251,1056.97,0.01
86300,925.6359010643584,1042.81,0.01
86400,610.9268972164484,717.97,0.01
86500,586.8336753593798,729.82,0.01
86600,495.6194403351628,615.22,0.01
86700,596.5782418021895,709.18,0.01
86800,820.7979225925704,957.05,0.01
86900,1575.3502776402217,1686.33,0.01
87000,956.1066158132137,1097.37,0.01
87100,499.22622042921995,680.31,0.01
87200,289.1598262903155,470.79,0.01
87300,615.4273302119286,751.63,0.01
87400,1065.2835063081752,1249.44,0.01
87500,700.3639080147888,911.7,0.01
87600,583.5443991736349,744.28,0.01
87700,883.5006709804718,983.67,0.01
87800,849.458316927536,1031.15,0.01
87900,768.0641759380737,853.83,0.01
88000,1069.8660109177843,1204.44,0.01
88100,428.8490954983289,556.46,0.01
88200,652.437274836017,777.45,0.01
88300,1441.2073786279186,1558.03,0.01
88400,1520.8019500959285,1654.15,0.01
88500,1225.011386600974,1391.31,0.01
88600,1646.8760756287866,1758.64,0.01
88700,524.4039454456874,660.14,0.01
88800,743.2420481776167,932.82,0.01
88900,774.5843672369114,924.28,0.01
89000,802.588343245743,1054.34,0.01
89100,1069.6896399727937,1204.19,0.01
89200,1239.1704988038516,1353.95,0.01
89300,988.3556734727193,1151.55,0.01
89400,480.11868980109483,629.06,0.01
89500,945.1782176612049,1130.1,0.01
89600,849.3828094447366,964.14,0.01
89700,944.5599895106652,1023.93,0.01
89800,599.3674481033443,662.49,0.01
89900,535.058873574582,624.07,0.01
90000,493.1319512590562,670.0,0.01
90100,830.4346096099232,972.82,0.01
90200,1354.881154863907,1443.67,0.01
90300,761.2497263378473,911.15,0.01
90400,534.5188256715231,636.25,0.01
90500,296.01297768023693,418.75,0.01
90600,244.49798224821944,393.76,0.01
90700,257.8884307378888,378.74,0.01
90800,299.03212102992745,440.52,0.01
90900,492.2280068203748,652.35,0.01
91000,854.4539774600801,982.24,0.01
91100,601.247476942767,706.4,0.01
91200,662.1275799100164,846.86,0.01
91300,454.4035597461401,531.25,0.01
91400,552.9921607517351,633.29,0.01
91500,578.743134964321,699.49,0.01
91600,763.4784595630872,809.39,0.01
91700,989.4758639186734,1166.0,0.01
91800,1274.3972815056509,1435.71,0.01
91900,746.3258261511389,911.35,0.01
92000,1223.8088858211008,1389.82,0.01
92100,1508.1984811498703,1645.99,0.01
92200,1079.5362603793938,1192.91,0.01
92300,753.3642847771279,967.4,0.01
92400,561.935050637656,638.39,0.01
92500,415.6210921681827,586.97,0.01
92600,487.4005144946002,591.28,0.01
92700,369.5480479365863,513.99,0.01
92800,405.05172404940043,612.73,0.01
92900,777.6423926648865,874.66,0.01
93000,766.7975145137658,872.11,0.01
93100,478.33291286831235,697.8,0.01
93200,725.5672145489787,971.58,0.01
93300,361.2900302955218,503.35,0.01
93400,687.299201763644,870.52,0.01
93500,528.5420047608932,736.23,0.01
93600,333.56143713234604,533.73,0.01
93700,375.3206989809631,556.62,0.01
93800,373.42531977213423,496.91,0.01
93900,398.61371891334585,467.04,0.01
94000,506.33026869333816,598.01,0.01
94100,529.3666119738721,693.16,0.01
94200,515.2420131819525,739.78,0.01
94300,1219.4711457214567,1417.09,0.01
94400,2143.291862652685,2362.28,0.01
94500,1294.182211157223,1452.12,0.01
94600,607.3011280652254,808.02,0.01
94700,836.2457007215052,1002.85,0.01
94800,1055.6172471308162,1274.07,0.01
94900,474.10182824517574,572.91,0.01
95000,491.04744621517995,556.33,0.01
95100,579.9737645585411,819.64,0.01
95200,647.7956460206732,779.34,0.01
95300,735.3258084723304,842.66,0.01
95400,456.519578480864,584.87,0.01
95500,301.901330775077,507.94,0.01
95600,375.1224655344252,531.93,0.01
95700,469.6917646936644,611.99,0.01
95800,379.5470304097173,534.92,0.01
95900,511.4244404046721,716.14,0.01
96000,420.6281343343121,721.09,0.01
96100,967.224892471154,1198.94,0.01
96200,668.1085541960548,875.48,0.01
96300,861.5049391781437,962.02,0.01
96400,1567.7385791531963,1780.64,0.01
96500,560.8371082704009,835.05,0.01
96600,901.796402057966,1042.54,0.01
96700,1257.4778936404398,1389.62,0.01
96800,1699.2772417783542,1877.4,0.01
96900,1146.423185809313,1299.97,0.01
97000,998.7392192681136,1221.16,0.01
97100,512.5657806711542,667.73,0.01
97200,648.5065022071263,797.53,0.01
97300,606.4527764299812,682.76,0.01
97400,762.9915361323306,851.45,0.01
97500,409.86111962231143,565.24,0.01
97600,802.8814500596274,951.88,0.01
97700,1877.363448178194,2130.5,0.01
97800,1037.252936793725,1248.02,0.01
97900,851.0638335584623,1064.32,0.01
98000,1979.972836469664,2066.2,0.01
98100,1901.7246016883637,2071.7,0.01
98200,2153.9387049466104,2306.44,0.01
98300,791.430035930749,951.41,0.01
98400,776.7340879625574,957.89,0.01
98500,376.97055901474266,547.74,0.01
98600,606.0830909730969,695.45,0.01
98700,2159.950908489153,2412.75,0.01
98800,2164.5764953694393,2377.31,0.01
98900,1007.1500147944842,1225.81,0.01
99000,603.2155815821008,720.43,0.01
99100,545.2051590428154,696.44,0.01
99200,588.8413115056754,771.85,0.01
99300,830.2067287253361,966.54,0.01
99400,930.802209719186,1057.72,0.01
99500,780.7192566900655,898.47,0.01
99600,679.631667485355,793.71,0.01
99700,466.20023499244684,600.82,0.01
99800,317.2721968277746,427.53,0.01
99900,235.0171383582226,420.17,0.01
100000,305.86718415189176,485.84,0.01
